imdb_id,title,year,runtime_min,budget,revenue,avg_rating,num_votes,rating,dubious
tt0094675,Ariel,1988,72,NULL,NULL,7.4,9776,NULL,NULL
tt0092149,"Shadows in Paradise",1986,74,NULL,NULL,7.4,8654,NULL,NULL
tt0113101,"Four Rooms",1995,98,4000000,4257354,6.7,117001,3,1
tt0107286,"Judgment Night",1993,110,21000000,12136938,6.6,21100,NULL,NULL
tt0076759,"Star Wars: Episode IV - A New Hope",1977,121,11000000,775398007,8.6,1571048,1,0
tt0266543,"Finding Nemo",2003,100,94000000,940335536,8.2,1207959,1,0
tt0109830,"Forrest Gump",1994,142,55000000,677387716,8.8,2497615,1,0
tt0169547,"American Beauty",1999,122,15000000,356296601,8.3,1280163,3,NULL
tt0033467,"Citizen Kane",1941,119,839727,23218000,8.2,493946,1,0
tt0168629,"Dancer in the Dark",2000,135,12500000,40061153,7.9,124093,3,0
tt0411267,"The Dark",2005,93,NULL,6593579,5.3,11874,NULL,NULL
tt0119116,"The Fifth Element",1997,126,90000000,263920180,7.6,545283,1,0
tt0017136,Metropolis,1927,153,5300000,1350322,8.2,201371,1,0
tt0314412,"My Life Without Me",2003,106,2500000,12300000,7.4,26619,3,0
tt0060371,"The Endless Summer",1966,95,50000,NULL,7.6,6898,NULL,NULL
tt0325980,"Pirates of the Caribbean: The Curse of the Black Pearl",2003,143,140000000,655011224,8.1,1325947,3,0
tt0266697,"Kill Bill: Vol. 1",2003,111,30000000,180906076,8.2,1308238,3,0
tt0418763,Jarhead,2005,125,72000000,97076152,7,224969,0,NULL
tt0352994,"Walk on Water",2004,103,1400000,444,7.3,7238,NULL,NULL
tt0411705,"9 Songs",2004,71,1000000,1574623,4.7,25501,0,0
tt0078788,"Apocalypse Now",1979,147,31500000,150000000,8.4,770502,0,0
tt0105695,Unforgiven,1992,130,14400000,159157447,8.2,469171,3,0
tt0462538,"The Simpsons Movie",2007,87,75000000,527068851,7.3,363531,3,0
tt0338013,"Eternal Sunshine of the Spotless Mind",2004,108,20000000,72258126,8.3,1183260,2,NULL
tt0245712,"Amores Perros",2000,154,2000000,20908467,8,272518,1,0
tt0383574,"Pirates of the Caribbean: Dead Man's Chest",2006,151,200000000,1066179747,7.4,826380,2,NULL
tt0399146,"A History of Violence",2005,96,32000000,61477797,7.4,272961,3,0
tt0062622,"2001: A Space Odyssey",1968,149,12000000,71923560,8.3,784032,0,0
tt0114746,"12 Monkeys",1995,129,29000000,168841459,8,680513,1,0
tt0287467,"Talk to Her",2002,112,6500000,64826117,7.9,121815,3,0
tt0298203,"8 Mile",2002,110,41000000,242875078,7.2,351731,1,0
tt0118548,"Absolute Power",1997,121,50000000,50100000,6.7,65038,NULL,NULL
tt0445620,"Paradise Now",2005,91,2000000,3395627,7.4,24883,1,0
tt0088846,Brazil,1985,132,15000000,9953708,7.8,222809,3,0
tt0358273,"Walk the Line",2005,136,28000000,186800000,7.8,280536,3,NULL
tt0405159,"Million Dollar Baby",2004,132,30000000,216763646,8.1,766294,3,0
tt0249462,"Billy Elliot",2000,110,5000000,109280263,7.7,152190,3,0
tt0120586,"American History X",1998,119,20000000,23900000,8.5,1273594,2,0
tt0407304,"War of the Worlds",2005,117,132000000,603873119,6.6,507316,3,0
tt0116996,"Mars Attacks!",1996,106,70000000,101371017,6.4,258605,3,0
tt0112471,"Before Sunrise",1995,101,2500000,5987386,8.1,377792,0,0
tt0209144,Memento,2000,113,9000000,40060108,8.4,1435661,1,0
tt0083658,"Blade Runner",1982,117,28000000,41722424,8.1,882464,1,NULL
tt0299977,Hero,2002,94,31000000,177394432,7.9,194330,3,1
tt0381681,"Before Sunset",2004,80,2700000,15992615,8.1,315372,0,0
tt0087544,"Nausicaä of the Valley of the Wind",1984,117,1000000,9016411,8,197225,3,0
tt0430357,"Miami Vice",2006,132,135000000,163800000,6.1,131184,1,0
tt0374102,"Open Water",2003,79,120000,54683487,5.8,59141,1,0
tt0082971,"Raiders of the Lost Ark",1981,115,18000000,389925971,8.4,1110672,3,NULL
tt0430051,"The Elementary Particles",2006,113,6000000,NULL,6.5,8466,NULL,NULL
tt0087469,"Indiana Jones and the Temple of Doom",1984,118,28000000,333000000,7.5,568229,0,0
tt0092890,"Dirty Dancing",1987,100,6000000,214577242,7.1,280147,3,NULL
tt0097576,"Indiana Jones and the Last Crusade",1989,127,48000000,474171806,8.2,864141,0,0
tt0086960,"Beverly Hills Cop",1984,105,14000000,316360478,7.4,232403,0,0
tt0169024,Megacities,1998,90,NULL,NULL,7.4,1077,NULL,NULL
tt0052561,"Anatomy of a Murder",1959,161,2000000,8000000,8,77883,1,0
tt0120591,Armageddon,1998,151,140000000,553799566,6.7,479563,1,0
tt0092644,"Beverly Hills Cop II",1987,103,28000000,299965036,6.6,148370,1,0
tt0084827,Tron,1982,96,17000000,33002371,6.7,146284,0,0
tt0172495,Gladiator,2000,155,103000000,465516248,8.5,1850525,0,0
tt0185125,"All About My Mother",1999,101,5000000,67958231,7.8,109731,3,NULL
tt0120735,"Lock, Stock and Two Smoking Barrels",1998,107,1350000,28356188,8.1,650410,1,0
tt0110413,"Léon: The Professional",1994,110,16000000,45284974,8.5,1351426,3,0
tt0315543,"Open Hearts",2002,113,NULL,NULL,7.5,11670,NULL,NULL
tt0075314,"Taxi Driver",1976,114,1900000,28579636,8.2,1026952,1,0
tt0130827,"Run Lola Run",1998,80,1530000,7660911,7.6,218079,3,0
tt0088763,"Back to the Future",1985,116,19000000,381109762,8.5,1453767,2,NULL
tt0093773,Predator,1987,107,15000000,98267558,7.8,500998,0,0
tt0208092,Snatch,2000,102,100000000,83557872,8.2,977408,0,0
tt0108394,"Three Colors: Blue",1993,98,NULL,1527572,7.8,119157,3,0
tt0111507,"Three Colors: White",1994,92,NULL,1273525,7.6,85752,1,0
tt0111495,"Three Colors: Red",1994,99,NULL,4127033,8.1,117054,NULL,NULL
tt0086250,Scarface,1983,170,25000000,66023329,8.3,1016328,1,0
tt0243862,"Italian for Beginners",2000,112,1000000,16350876,7,14491,3,0
tt0374546,"Spring, Summer, Fall, Winter... and Spring",2003,103,NULL,8945072,8,90924,1,0
tt0100405,"Pretty Woman",1990,119,14000000,463406268,7.1,405595,3,0
tt0118715,"The Big Lebowski",1998,117,15000000,47010480,8.1,917285,1,0
tt0416320,"Match Point",2005,124,15000000,85638656,7.6,239136,3,0
tt0094226,"The Untouchables",1987,119,25000000,76270454,7.8,354473,NULL,NULL
tt0367594,"Charlie and the Chocolate Factory",2005,115,150000000,475000000,6.7,571446,3,0
tt0120737,"The Lord of the Rings: The Fellowship of the Ring",2001,178,93000000,871368364,8.9,2207437,1,NULL
tt0167261,"The Lord of the Rings: The Two Towers",2002,179,79000000,926287400,8.8,1958047,3,NULL
tt0167260,"The Lord of the Rings: The Return of the King",2003,201,94000000,1118888979,9,2165412,1,NULL
tt0077869,"The Lord of the Rings",1978,132,4000000,30477175,6.2,39385,1,0
tt0086961,"No End",1985,107,NULL,NULL,7.3,6246,NULL,NULL
tt0084549,"Blind Chance",1987,114,NULL,NULL,7.7,12264,NULL,NULL
tt0119698,"Princess Mononoke",1997,133,23500000,176506186,8.3,484155,3,NULL
tt0245429,"Spirited Away",2001,124,19000000,274925095,8.6,967560,3,0
tt0065780,"Gimme Shelter",1970,91,NULL,252570,7.8,13812,NULL,NULL
tt0054205,Primary,1960,60,NULL,NULL,7.1,1669,NULL,NULL
tt0190590,"O Brother, Where Art Thou?",2000,107,26000000,71877090,7.7,351805,0,1
tt0061589,"Bob Dylan: Dont Look Back",1967,96,NULL,NULL,7.9,11010,NULL,NULL
tt0022913,Freaks,1932,64,310607,NULL,7.8,54762,2,0
tt0107048,"Groundhog Day",1993,101,14600000,71108778,8,737336,2,NULL
tt0021814,Dracula,1931,74,355000,700000,7.3,64825,2,0
tt0164756,Mifune,1999,98,NULL,NULL,7.1,8358,NULL,NULL
tt0275491,"Bad Education",2004,106,5000000,40266982,7.4,65996,NULL,NULL
tt0246578,"Donnie Darko",2001,113,4500000,7500000,8,912340,3,1
tt0388795,"Brokeback Mountain",2005,134,14000000,178043761,7.7,417230,2,0
tt0020629,"All Quiet on the Western Front",1930,152,1448864,3270000,8.1,72199,0,0
tt0093191,"Wings of Desire",1987,128,2500000,3548590,7.9,84003,0,0
tt0115751,"Breaking the Waves",1996,153,7500000,23000000,7.8,76024,NULL,NULL
tt0190332,"Crouching Tiger, Hidden Dragon",2000,120,17000000,213978518,7.9,295020,3,0
tt0053198,"The 400 Blows",1959,99,NULL,NULL,8,134624,0,NULL
tt0430576,"The Secret Life of Words",2005,115,5000000,NULL,7.4,13683,NULL,NULL
tt0094625,Akira,1988,124,5700000,49000000,8,227132,1,0
tt0083511,"48 Hrs.",1982,96,12000000,78868508,6.9,93291,2,0
tt0079945,"Star Trek: The Motion Picture",1979,143,44000000,139346243,6.4,102523,1,0
tt0335266,"Lost in Translation",2003,102,4000000,119723856,7.7,530324,3,1
tt0084726,"Star Trek II: The Wrath of Khan",1982,113,12000000,96594943,7.7,135895,3,1
tt0468569,"The Dark Knight",2008,152,185000000,1004558444,9.1,3168956,3,1
tt0329767,"Wilbur Wants to Kill Himself",2002,109,NULL,NULL,6.8,8257,3,0
tt0088170,"Star Trek III: The Search for Spock",1984,105,18000000,87000000,6.7,90785,1,0
tt0119472,"Knockin' on Heaven's Door",1997,87,3500000,NULL,7.8,36935,1,0
tt0109255,"Maybe... Maybe Not",1994,93,NULL,NULL,6.5,6680,NULL,NULL
tt0240772,"Ocean's Eleven",2001,116,85000000,450717150,7.7,673968,1,0
tt0099487,"Edward Scissorhands",1990,105,20000000,86024005,7.8,565322,3,0
tt0349903,"Ocean's Twelve",2004,125,110000000,362744280,6.5,438766,2,0
tt0054698,"Breakfast at Tiffany's",1961,115,2500000,9500000,7.5,204556,2,0
tt0096874,"Back to the Future Part II",1989,108,40000000,332000000,7.8,621868,3,NULL
tt0082100,"The Party",1980,100,NULL,NULL,6.7,11860,3,0
tt0272152,K-PAX,2001,120,48000000,50315140,7.4,202760,1,0
tt0092007,"Star Trek IV: The Voyage Home",1986,119,21000000,133000000,7.3,96760,3,1
tt0100403,"Predator 2",1990,108,35000000,57120318,6.3,202331,2,1
tt0289043,"28 Days Later",2002,113,8000000,82784517,7.5,547979,3,0
tt0083686,"The Party 2",1982,109,NULL,NULL,6.3,5739,3,0
tt0098382,"Star Trek V: The Final Frontier",1989,107,33000000,63000000,5.5,68015,1,0
tt0046672,"20,000 Leagues Under the Sea",1954,127,5000000,28200000,7.2,40520,0,0
tt0102975,"Star Trek VI: The Undiscovered Country",1991,110,27000000,96888996,7.3,85230,2,1
tt0095250,"The Big Blue",1988,168,13500000,4000000,7.5,58805,2,0
tt0387564,Saw,2004,103,1200000,104045735,7.6,510246,2,0
tt0101889,"The Fisher King",1991,137,24000000,41895491,7.5,96787,3,1
tt0109303,"Blown Away",1994,121,28000000,30156002,6.3,36784,NULL,NULL
tt0373926,"The Interpreter",2005,128,80000000,162944923,6.4,115148,NULL,NULL
tt0181689,"Minority Report",2002,145,102000000,358372926,7.6,621744,1,NULL
tt0452624,"The Good German",2006,105,32000000,5914908,6,27016,1,0
tt0098663,"The Wizard",1989,100,6000000,14278900,6.1,17656,NULL,NULL
tt0119396,"Jackie Brown",1997,154,12000000,74727492,7.5,404400,3,0
tt0066921,"A Clockwork Orange",1971,136,2200000,27033812,8.2,937145,1,0
tt0425210,"Lucky Number Slevin",2006,110,27000000,56300000,7.7,339042,1,0
tt0401792,"Sin City",2005,124,40000000,158733820,8,820785,3,0
tt0458481,"Sin City: A Dame to Kill For",2014,102,65000000,39407616,6.5,178827,1,0
tt0248103,"The State I Am In",2000,106,3000000,NULL,6.9,2918,NULL,NULL
tt0091605,"The Name of the Rose",1986,130,18000000,77200000,7.7,127159,0,1
tt0111280,"Star Trek: Generations",1994,118,38000000,118071125,6.6,91341,3,0
tt0211915,Amélie,2001,122,10000000,173921954,8.3,840185,3,0
tt0023622,"Trouble in Paradise",1932,83,NULL,NULL,7.9,17494,NULL,NULL
tt0099088,"Back to the Future Part III",1990,118,40000000,244527583,7.5,520302,1,NULL
tt0112573,Braveheart,1995,178,72000000,213216216,8.3,1161453,2,NULL
tt0035446,"To Be or Not to Be",1942,99,1200000,1500000,8.1,49863,0,0
tt0117731,"Star Trek: First Contact",1996,111,46000000,146027888,7.6,137950,3,0
tt0120844,"Star Trek: Insurrection",1998,103,70000000,112587658,6.4,83198,3,0
tt0253754,"Star Trek: Nemesis",2002,116,60000000,67336470,6.4,87971,1,NULL
tt0070379,"Mean Streets",1973,112,500000,3000000,7.2,128224,1,0
tt0046268,"The Wages of Fear",1953,156,NULL,NULL,8.1,73641,1,0
tt0395169,"Hotel Rwanda",2004,121,17500000,38000000,8.1,392166,NULL,NULL
tt0287624,"Paradise Found",2003,93,NULL,NULL,5.7,729,NULL,NULL
tt0097165,"Dead Poets Society",1989,128,16400000,235860116,8.1,653130,1,0
tt0276820,"Berlin Is in Germany",2001,99,NULL,NULL,7.1,1225,NULL,NULL
tt0036613,"Arsenic and Old Lace",1944,118,1120175,NULL,7.9,78859,3,NULL
tt0053125,"North by Northwest",1959,136,4000000,13275000,8.3,369871,1,0
tt0489270,"Saw III",2006,108,10000000,164874275,6.2,228148,3,0
tt0432348,"Saw II",2005,93,4000000,152925093,6.6,297028,3,1
tt0071141,"Fear Eats the Soul",1974,93,130000,186757,8,26020,3,0
tt0367882,"Indiana Jones and the Kingdom of the Crystal Skull",2008,122,185000000,786636033,6.2,513921,1,0
tt0088247,"The Terminator",1984,107,6400000,78371200,8.1,1005394,3,0
tt0441909,Volver,2006,121,9400000,85605851,7.6,112830,3,NULL
tt0048028,"East of Eden",1955,118,NULL,5000000,7.8,51869,NULL,NULL
tt0048545,"Rebel Without a Cause",1955,111,1500000,4500000,7.6,103284,1,0
tt0017668,"Berlin: Symphony of Metropolis",1927,65,NULL,NULL,7.6,5160,NULL,NULL
tt0032976,Rebecca,1940,130,NULL,NULL,8.1,162583,3,0
tt0075902,"Man of Marble",1977,160,NULL,NULL,7.6,5280,NULL,NULL
tt0082222,"Man of Iron",1981,156,NULL,492035,7.3,4179,NULL,NULL
tt0171804,"Boys Don't Cry",1999,118,2000000,11540607,7.5,107758,2,NULL
tt0086066,"The Outsiders",1983,91,10000000,33697647,7,109731,2,0
tt0020697,"The Blue Angel",1930,104,NULL,NULL,7.6,17661,1,0
tt0026138,"Bride of Frankenstein",1935,75,393750,2000000,7.8,59083,3,0
tt0365737,Syriana,2005,128,50000000,93974620,6.8,138641,NULL,NULL
tt0086216,"Rumble Fish",1983,94,10000000,2494480,7.1,41292,2,0
tt0080117,"The Wanderers",1979,112,NULL,23000000,7.3,13471,NULL,NULL
tt0010323,"The Cabinet of Dr. Caligari",1920,67,18000,8811,8,76304,0,0
tt0092005,"Stand by Me",1986,89,8000000,52289686,8.1,488268,0,0
tt0110598,"Muriel's Wedding",1994,106,3000000,15119639,7.3,45230,3,0
tt0289635,"Young Adam",2003,98,6400000,2500000,6.3,15328,NULL,NULL
tt0068646,"The Godfather",1972,175,6000000,245066411,9.2,2226892,2,0
tt0053291,"Some Like It Hot",1959,121,2900000,25000000,8.2,305101,3,0
tt0071562,"The Godfather Part II",1974,202,13000000,102600000,9,1495875,2,0
tt0110632,"Natural Born Killers",1994,119,34000000,50283563,7.2,267831,3,0
tt0099674,"The Godfather Part III",1990,162,54000000,136766062,7.5,455887,3,0
tt0146882,"High Fidelity",2000,113,30000000,47100000,7.4,199217,2,0
tt0024216,"King Kong",1933,100,672000,10001781,7.9,96012,0,0
tt0276751,"About a Boy",2002,101,27000000,129000000,7.1,200210,2,0
tt0363226,"The Blind Swordsman: Zatoichi",2003,116,2500000,34196922,7.4,53315,2,0
tt0049406,"The Killing",1956,84,320000,NULL,7.9,105760,1,0
tt0055312,"Pocketful of Miracles",1961,136,2900000,5000000,7.1,8830,NULL,NULL
tt0098621,"The War of the Roses",1989,116,26000000,160188546,6.9,62857,NULL,NULL
tt0180748,"In China They Eat Dogs",1999,91,NULL,NULL,7.3,24575,NULL,NULL
tt0099653,Ghost,1990,126,22000000,505000000,7.1,256806,3,0
tt0067992,"Willy Wonka & the Chocolate Factory",1971,100,3000000,4000000,7.8,245332,2,NULL
tt0070328,"Live and Let Die",1973,121,7000000,126400000,6.7,124797,1,0
tt0360717,"King Kong",2005,187,207000000,562363449,7.2,470779,0,0
tt0062695,"Stolen Kisses",1968,91,350000,1500000,7.5,16592,NULL,NULL
tt0380599,"Oliver Twist",2005,130,50000000,42580321,6.8,35672,1,0
tt0065651,"Bed & Board",1970,97,NULL,NULL,7.4,11599,NULL,NULL
tt0078771,"Love on the Run",1979,94,NULL,NULL,7,8206,NULL,NULL
tt0026029,"The 39 Steps",1935,86,NULL,NULL,7.6,66214,3,0
tt0051459,"Cat on a Hot Tin Roof",1958,108,3000000,17570324,7.9,56995,3,0
tt0085794,"The King of Comedy",1982,109,19000000,2536000,7.8,133049,1,0
tt0082661,"Lili Marleen",1981,120,NULL,8144,7.1,4747,NULL,NULL
tt0057345,Contempt,1963,102,900000,528428,7.4,39157,1,0
tt0118819,"Live Flesh",1997,103,1000000,4686844,7.3,35557,2,0
tt0096895,Batman,1989,126,35000000,411348924,7.5,432590,1,0
tt0053472,Breathless,1960,90,80000,NULL,7.6,95510,0,0
tt0088015,"Ronia: The Robber's Daughter",1984,126,NULL,NULL,7.3,13003,NULL,NULL
tt0372784,"Batman Begins",2005,140,150000000,374218673,8.2,1714685,1,0
tt0276617,"The White Sound",2001,103,250000,NULL,7,3676,NULL,NULL
tt0102926,"The Silence of the Lambs",1991,118,19000000,272742922,8.6,1724038,3,0
tt0116282,Fargo,1996,98,7000000,60611975,8.1,788073,2,0
tt0408777,"The Edukators",2004,127,NULL,NULL,7.4,33086,3,1
tt0320691,Underworld,2003,121,22000000,95708457,7,300854,3,1
tt0111161,"The Shawshank Redemption",1994,142,25000000,28341469,9.3,3189749,0,NULL
tt0086879,Amadeus,1984,160,18000000,90007557,8.4,468281,3,0
tt0103064,"Terminator 2: Judgment Day",1991,137,102000000,517778573,8.6,1284645,3,1
tt0114558,"Strange Days",1995,145,42000000,7959291,7.2,85224,3,1
tt0053604,"The Apartment",1960,125,3000000,25000000,8.3,219489,3,0
tt0449088,"Pirates of the Caribbean: At World's End",2007,169,300000000,961691209,7.2,744258,3,NULL
tt0853060,"Deutschland. Ein Sommermärchen",2006,108,NULL,NULL,7,3361,NULL,NULL
tt0094812,"Bull Durham",1988,108,7000000,50888000,7,64179,2,1
tt0044706,"High Noon",1952,85,730000,8000000,7.9,116492,2,0
tt0034583,Casablanca,1942,102,878000,10462500,8.5,655946,1,0
tt0101410,"Barton Fink",1991,116,9000000,6153939,7.6,135660,1,0
tt0389326,"Riding Giants",2004,105,2600000,3166000,7.8,4781,NULL,NULL
tt0425598,"Dave Chappelle's Block Party",2005,103,3000000,11718595,7.2,9854,NULL,NULL
tt0105265,"A River Runs Through It",1992,123,12000000,43440294,7.2,71175,2,0
tt0089015,"Desert Hearts",1985,91,350000,2400000,7.1,8486,3,0
tt0181852,"Terminator 3: Rise of the Machines",2003,109,200000000,435000000,6.3,437259,3,0
tt0119643,"Meet Joe Black",1998,178,90000000,142940100,7.2,300333,1,0
tt0496806,"Ocean's Thirteen",2007,122,85000000,311312624,6.9,387396,1,0
tt0054135,"Ocean's Eleven",1960,127,NULL,2800000,6.5,27354,NULL,NULL
tt0354899,"The Science of Sleep",2006,105,6000000,9524340,7.2,72234,3,0
tt0053221,"Rio Bravo",1959,141,1200000,5750000,7.9,73608,1,0
tt0324133,"Swimming Pool",2003,102,7800000,22441323,6.7,51441,3,0
tt0038787,Notorious,1946,102,2000000,24500000,7.9,113936,2,0
tt0109254,"Beverly Hills Cop III",1994,104,50000000,119208989,5.5,100563,0,0
tt0038890,"Rome, Open City",1945,103,20000,1000000,8,34067,3,0
tt0412019,"Broken Flowers",2005,106,10000000,46720491,7.1,110330,3,0
tt0154420,"The Celebration",1998,101,1300000,NULL,8,101013,3,1
tt0315327,"Bruce Almighty",2003,101,80000000,484592874,6.8,470300,3,NULL
tt0087843,"Once Upon a Time in America",1984,229,30000000,5500000,8.3,409157,1,0
tt0116692,"Beyond Silence",1996,109,NULL,NULL,7.4,4779,3,0
tt0448124,"Snow Cake",2006,112,12000000,1381665,7.4,13857,3,0
tt0327554,Catwoman,2004,104,100000000,82102379,3.5,132329,3,0
tt0059170,"Faster, Pussycat! Kill! Kill!",1965,83,45000,36122,6.6,17412,3,0
tt0304126,"Grill Point",2002,106,600000,NULL,7.1,1763,NULL,NULL
tt0464029,Grbavica,2006,90,NULL,NULL,7.2,7175,3,0
tt0120753,"The Million Dollar Hotel",2000,122,8000000,105983,5.7,23270,NULL,NULL
tt0108399,"True Romance",1993,119,12500000,12600000,7.9,261086,1,0
tt0278504,Insomnia,2002,118,46000000,113714830,7.2,342936,1,NULL
tt0330602,"Mambo Italiano",2003,99,4361898,3031801,6.7,7178,NULL,NULL
tt0327056,"Mystic River",2003,138,25000000,156800000,7.9,523303,3,0
tt0417148,"Snakes on a Plane",2006,105,33000000,62022014,5.5,149738,3,0
tt0222851,Brother,2000,114,12000000,15250000,7.1,25971,NULL,NULL
tt0107290,"Jurassic Park",1993,127,63000000,920100000,8.2,1178281,3,NULL
tt0119567,"The Lost World: Jurassic Park",1997,129,73000000,618638999,6.6,478561,3,1
tt0163025,"Jurassic Park III",2001,92,93000000,368780809,6,370779,2,0
tt0141369,"Inspector Gadget",1999,78,75000000,134403112,4.2,53920,NULL,NULL
tt0303785,Bollywood/Hollywood,2002,105,NULL,NULL,6,2621,NULL,NULL
tt0175880,Magnolia,1999,188,37000000,48451803,8,351026,3,0
tt0064116,"Once Upon a Time in the West",1968,145,5000000,5380118,8.5,384363,1,0
tt0067140,"Duck, You Sucker!",1971,138,NULL,NULL,7.5,41391,NULL,NULL
tt0329388,"Monsieur Ibrahim",2003,95,NULL,11576431,7.3,12005,NULL,NULL
tt0301357,"Good Bye Lenin!",2003,121,4800000,79384880,7.7,159823,3,0
tt0102536,"Night on Earth",1991,129,3500000,2015810,7.7,71152,3,0
tt0404030,"Everything Is Illuminated",2005,106,7000000,3601974,7.4,61436,NULL,NULL
tt0489010,"A Crime",2006,103,NULL,NULL,5.6,2193,1,0
tt0420206,"Summer Storm",2004,98,2700000,2085166,7.2,15007,NULL,NULL
tt0067185,"Harold and Maude",1971,91,1200000,NULL,7.8,86322,3,0
tt0135790,"Bang Boom Bang - Ein todsicheres Ding",1999,110,2888030,NULL,7.5,11449,NULL,NULL
tt0120663,"Eyes Wide Shut",1999,159,67,162100000,7.5,429463,3,0
tt0047478,"Seven Samurai",1954,207,2000000,105000000,8.6,401903,0,0
tt0020163,"People on Sunday",1930,73,NULL,NULL,7.2,3960,NULL,NULL
tt0078748,Alien,1979,117,11000000,104931801,8.5,1064514,3,0
tt0428430,"Côte d'Azur",2005,96,NULL,NULL,6.6,2164,NULL,NULL
tt0458352,"The Devil Wears Prada",2006,109,35000000,326588371,7,549461,3,NULL
tt0416213,Longing,2006,86,1000000,NULL,6.6,745,NULL,NULL
tt0347048,Head-On,2004,121,NULL,11030861,7.8,60893,3,0
tt0103776,"Batman Returns",1992,126,80000000,280000000,7.1,350550,0,0
tt0087800,"A Nightmare on Elm Street",1984,91,1800000,57004513,7.4,291112,3,0
tt0093822,"Raising Arizona",1987,94,6000000,29180280,7.3,160869,3,0
tt0100150,"Miller's Crossing",1990,115,14000000,5080409,7.7,149411,0,0
tt0095953,"Rain Man",1988,133,25000000,354825435,8,585929,1,0
tt0048728,"To Catch a Thief",1955,106,2500000,8750000,7.4,86785,3,0
tt0089537,"Mala Noche",1986,78,22500,NULL,6.5,4659,NULL,NULL
tt0082096,"Das Boot",1981,149,14000000,85000000,8.3,288034,0,0
tt0454848,"Inside Man",2006,129,45000000,186003591,7.6,424887,3,1
tt0050083,"12 Angry Men",1957,96,397751,4360000,9,984699,0,NULL
tt0110361,"Lisbon Story",1994,100,NULL,NULL,7.1,5916,NULL,NULL
tt0058461,"A Fistful of Dollars",1964,99,200000,14500000,7.9,253753,1,0
tt0241303,Chocolat,2000,121,25000000,152700626,7.2,210446,3,0
tt0378194,"Kill Bill: Vol. 2",2004,137,30000000,152159461,8,870888,3,0
tt0370263,"Alien vs. Predator",2004,101,70000000,177427090,5.7,232972,3,1
tt0061184,"Who's Afraid of Virginia Woolf?",1966,131,7500000,33736689,8,84312,1,0
tt0113117,"French Kiss",1995,111,NULL,101982854,6.6,56685,2,0
tt0379725,Capote,2005,114,7000000,49327405,7.3,149402,3,1
tt0114660,"Things to Do in Denver When You're Dead",1995,115,8000000,529766,6.7,31845,NULL,NULL
tt0333766,"Garden State",2004,102,2500000,26781723,7.4,229064,3,0
tt0103772,"Basic Instinct",1992,127,49000000,352927224,7.1,243641,1,0
tt0097239,"Driving Miss Daisy",1989,99,7500000,145793296,7.3,124526,3,0
tt0166896,"The Straight Story",1999,112,10000000,6418028,8,109273,3,1
tt0047528,"La Strada",1954,108,NULL,NULL,8,70054,NULL,NULL
tt0113247,"La haine",1995,98,2600000,15300000,8.1,226691,0,0
tt0162426,"Short Sharp Shock",1998,99,500000,NULL,7.1,6081,NULL,NULL
tt0029583,"Snow White and the Seven Dwarfs",1937,83,1488423,184925486,7.6,239016,3,1
tt0116209,"The English Patient",1996,162,27000000,231976425,7.4,213701,3,0
tt0477877,"Summer in Berlin",2005,107,NULL,7718317,6.9,3278,NULL,NULL
tt0363771,"The Chronicles of Narnia: The Lion, the Witch and the Wardrobe",2005,143,180000000,745013115,6.9,458147,3,0
tt0112462,"Batman Forever",1995,121,100000000,336529144,5.5,282191,1,0
tt0118688,"Batman & Robin",1997,125,125000000,238207122,3.8,282539,2,0
tt0383041,"About the Looking for and the Finding of Love",2005,107,NULL,NULL,5.8,1235,NULL,NULL
tt0362270,"The Life Aquatic with Steve Zissou",2004,119,50000000,34808403,7.2,221130,2,0
tt0056801,8½,1963,138,NULL,NULL,8,132875,3,0
tt0253474,"The Pianist",2002,150,35000000,120098945,8.5,1012794,1,0
tt0108052,"Schindler's List",1993,195,22000000,321365567,9,1586152,3,0
tt0268380,"Ice Age",2002,81,59000000,383257136,7.5,564824,0,NULL
tt0052357,Vertigo,1958,128,2479000,7808900,8.2,459541,1,0
tt0050706,"My Uncle",1958,116,NULL,NULL,7.6,26122,3,0
tt0806679,"Summer '04",2006,97,NULL,630464,6.3,881,NULL,NULL
tt0060196,"The Good, the Bad and the Ugly",1966,178,1200000,38900000,8.8,891759,1,0
tt0055256,"One, Two, Three",1961,104,3000000,4000000,7.8,24746,3,1
tt0123755,Cube,1997,90,257899,8969065,7.1,261487,3,0
tt0058331,"Mary Poppins",1964,139,4650000,103100000,7.8,198773,3,0
tt0475317,"Tough Enough",2006,98,NULL,NULL,7,3632,NULL,NULL
tt0319262,"The Day After Tomorrow",2004,124,125000000,552639571,6.5,512295,3,NULL
tt0390221,"Maria Full of Grace",2004,101,3000000,12450821,7.4,37610,3,0
tt0285492,"Cube²: Hypercube",2002,94,NULL,3563603,5.5,73077,3,0
tt0377713,"Cube Zero",2004,97,825000,NULL,5.6,44674,3,0
tt0053779,"La Dolce Vita",1960,174,NULL,19647000,8,85912,2,0
tt0758730,"Aliens vs. Predator: Requiem",2007,94,40000000,130290885,4.6,146914,3,0
tt0219822,"Human Nature",2001,96,6000000,1600000,6.4,19597,3,0
tt0387898,Caché,2005,117,8500000,16197824,7.3,90307,NULL,NULL
tt0351238,"Distant Lights",2003,105,NULL,NULL,7.5,2215,3,1
tt0113627,"Leaving Las Vegas",1995,111,3600000,49800000,7.5,145292,2,0
tt0154421,"The Idiots",1998,117,2500000,7200,6.7,36091,3,0
tt0268978,"A Beautiful Mind",2001,135,58000000,316791257,8.2,1053712,1,NULL
tt0117509,"Romeo + Juliet",1996,120,14500000,147298761,6.7,261007,3,1
tt0286499,"Bend It Like Beckham",2002,112,3500000,76585951,6.7,123022,3,NULL
tt0048624,Sissi,1955,102,6000000,NULL,7,11125,NULL,NULL
tt0049762,"Sissi: The Young Empress",1956,107,NULL,NULL,6.7,8057,3,1
tt0050974,"Sissi: The Fateful Years of an Empress",1957,109,NULL,NULL,6.6,6604,NULL,NULL
tt0416331,"Go for Zucker",2004,95,NULL,NULL,6.7,2933,NULL,NULL
tt0195685,"Erin Brockovich",2000,131,52000000,256271286,7.5,246400,3,0
tt0382330,"As It Is in Heaven",2004,133,NULL,NULL,7.5,19286,NULL,NULL
tt0094596,Virgin,1988,88,NULL,NULL,6,1660,NULL,NULL
tt0067309,Klute,1971,114,2500000,12512637,7.1,33750,3,0
tt0242527,"The Hole",2001,102,4158370,7819851,6.2,49990,NULL,NULL
tt0102494,"My Own Private Idaho",1991,104,2500000,6400000,6.9,67176,1,0
tt0088184,"Stranger Than Paradise",1984,89,100000,2436000,7.4,43348,NULL,NULL
tt0315733,"21 Grams",2003,124,20000000,60427839,7.6,253626,3,1
tt0129774,Bandyta,1997,102,NULL,NULL,6.5,1106,NULL,NULL
tt0138704,Pi,1998,84,60000,3221152,7.3,192964,2,0
tt0061418,"Bonnie and Clyde",1967,111,2500000,70000000,7.7,128175,3,0
tt0097240,"Drugstore Cowboy",1989,102,2500000,4700000,7.2,44172,2,0
tt0162650,Shaft,2000,99,46000000,107626125,6,85378,NULL,NULL
tt0265343,"Monsoon Wedding",2001,114,1200000,30787356,7.3,27900,3,0
tt0461894,"7 Virgins",2005,86,NULL,NULL,6.3,2776,NULL,NULL
tt0067741,Shaft,1971,100,1125000,12121618,6.6,23040,1,0
tt0100935,"Wild at Heart",1990,125,9500000,14569027,7.2,112606,2,0
tt0043265,"The African Queen",1951,105,1000000,10750000,7.7,88892,0,0
tt0119217,"Good Will Hunting",1997,126,10000000,225933435,8.4,1217649,0,0
tt0050976,"The Seventh Seal",1957,96,150000,311212,8.1,216436,1,0
tt0120601,"Being John Malkovich",1999,113,13000000,22863596,7.7,370032,3,0
tt0069257,"Shaft's Big Score!",1972,104,1978000,10000000,6.1,3893,NULL,NULL
tt0070679,"Shaft in Africa",1973,112,2142000,1458000,5.9,3466,NULL,NULL
tt0443453,Borat,2006,84,18000000,262552893,7.4,477262,1,0
tt0120689,"The Green Mile",1999,189,60000000,286801374,8.6,1562083,1,0
tt0055852,"Cleo from 5 to 7",1962,90,NULL,NULL,7.8,31578,3,0
tt0105236,"Reservoir Dogs",1992,99,1200000,2859750,8.3,1171202,0,0
tt0427312,"Grizzly Man",2005,103,NULL,NULL,7.7,67654,NULL,NULL
tt0058083,"Fail Safe",1964,112,NULL,NULL,8,27935,1,0
tt0409182,Poseidon,2006,98,160000000,181700000,5.7,116034,2,0
tt0340855,Monster,2003,109,8000000,58469210,7.3,173126,3,NULL
tt0097626,"Johnny Handsome",1989,94,20000000,7237794,6.1,11972,NULL,NULL
tt0058329,Marnie,1964,130,2135000,7000000,7.1,57695,3,0
tt0110265,"Killing Zoe",1993,96,1500000,418961,6.4,22512,NULL,NULL
tt0314331,"Love Actually",2003,135,40000000,250779876,7.5,580661,3,0
tt0125439,"Notting Hill",1999,124,42000000,363889678,7.2,384767,3,0
tt0073486,"One Flew Over the Cuckoo's Nest",1975,133,3000000,108981275,8.6,1157611,2,1
tt0072446,"The Promised Land",1975,179,NULL,NULL,7.8,4543,NULL,NULL
tt0457513,Scoop,2006,96,4000000,39220946,6.6,90659,NULL,NULL
tt0116308,Fire,1996,104,NULL,501533,7.1,6769,3,0
tt0046912,"Dial M for Murder",1954,105,1400000,3000000,8.1,204839,0,0
tt0109707,"Ed Wood",1994,127,18000000,5900000,7.8,191471,3,0
tt0454931,Requiem,2006,93,NULL,99963,6.8,6929,3,0
tt0112641,Casino,1995,178,50000000,116112375,8.2,619803,2,1
tt0080455,"The Blues Brothers",1980,133,27000000,115229890,7.9,229501,1,NULL
tt0089457,Ladyhawke,1985,121,20000000,18432000,6.9,55295,0,0
tt0110729,"Once Were Warriors",1994,102,950000,6700000,7.9,39393,NULL,NULL
tt0312004,"Wallace & Gromit: The Curse of the Were-Rabbit",2005,85,30000000,192610372,7.5,157526,1,0
tt0438488,"Terminator Salvation",2009,115,200000000,371353001,6.5,392888,2,NULL
tt0085549,Flashdance,1983,95,7000000,201521203,6.2,64168,3,0
tt0436445,"Not Here to Be Loved",2005,93,NULL,NULL,7.1,1785,NULL,NULL
tt0054215,Psycho,1960,109,1999,2007,8.5,785544,3,0
tt0367631,D.E.B.S.,2004,91,3500000,97446,5.5,19909,3,0
tt0048347,"The Man with the Golden Arm",1955,119,1000000,4350000,7.3,13412,NULL,NULL
tt0313196,"The Crime of Padre Amaro",2002,118,1800000,NULL,6.7,15021,NULL,NULL
tt0019702,Blackmail,1929,85,NULL,NULL,6.9,13533,2,0
tt0129387,"There's Something About Mary",1998,119,23000000,369900000,7.1,349156,3,0
tt0407265,Transamerica,2005,103,1000000,13350369,7.3,43316,3,NULL
tt0119314,"The Horse Whisperer",1998,169,60000000,186883563,6.7,46596,NULL,NULL
tt0042876,Rashomon,1950,88,250000,117668,8.1,196697,0,0
tt0115632,Basquiat,1996,107,3300000,3022292,6.9,23831,2,0
tt0137523,"Fight Club",1999,139,63000000,100853753,8.8,2609583,1,NULL
tt0069113,"The Poseidon Adventure",1972,117,5000000,84563118,7.1,54014,1,0
tt0237539,"Bread and Tulips",2000,114,NULL,9735211,7.3,12535,NULL,NULL
tt0276919,Dogville,2003,171,10000000,16690617,8,168775,3,0
tt0308476,"The Cuckoo",2002,99,NULL,NULL,7.7,8245,NULL,NULL
tt0145487,Spider-Man,2002,121,139000000,821708551,7.4,968862,1,0
tt0316654,"Spider-Man 2",2004,127,200000000,788976453,7.5,785520,1,0
tt0413300,"Spider-Man 3",2007,139,258000000,894983373,6.3,700792,2,0
tt0040766,"Secret Beyond the Door...",1947,99,1500000,NULL,6.6,6386,NULL,NULL
tt0360486,Constantine,2005,121,100000000,230900000,7,407958,1,0
tt0095016,"Die Hard",1988,132,28000000,140767956,8.2,1030607,3,0
tt0120201,"Starship Troopers",1997,129,105000000,121214377,7.3,346513,3,NULL
tt0120616,"The Mummy",1999,124,80000000,415885488,7.1,502454,1,1
tt0298130,"The Ring",2002,115,48000000,249348933,7.1,402386,3,0
tt0047396,"Rear Window",1954,112,1000000,37042336,8.4,569542,3,1
tt0112384,"Apollo 13",1995,140,52000000,355237933,7.7,338487,3,0
tt0243255,"Fat Girl",2001,86,NULL,766000,6.4,14071,3,0
tt0056869,"The Birds",1963,119,2500000,11500000,7.6,220198,3,0
tt0453383,"Next Door",2005,75,2400000,NULL,6.4,11289,NULL,NULL
tt0068611,Frenzy,1972,116,2000000,12600000,7.4,53392,3,0
tt0049470,"The Man Who Knew Too Much",1956,120,1200000,11300000,7.4,76203,2,0
tt0250258,"The Experiment",2001,120,NULL,13782896,7.7,98881,NULL,NULL
tt0065214,"The Wild Bunch",1969,135,6244087,638641,7.9,95446,NULL,NULL
tt0114681,"To Die For",1995,106,20000000,21300000,6.8,59763,NULL,NULL
tt0073195,Jaws,1975,124,7000000,470653000,8.1,737754,3,0
tt0077766,"Jaws 2",1978,116,20000000,187884000,5.8,92619,2,0
tt0093300,"Jaws: The Revenge",1987,89,23000000,51881012,3.1,53575,3,0
tt0099348,"Dances with Wolves",1990,181,22000000,424208848,8,310439,1,0
tt0405094,"The Lives of Others",2006,137,2000000,77672685,8.4,443364,0,0
tt0079470,"Monty Python's Life of Brian",1979,94,4000000,20833252,8,435339,3,0
tt0322259,"2 Fast 2 Furious",2003,107,76000000,236350661,6,324334,1,0
tt0198781,"Monsters, Inc.",2001,92,115000000,579700000,8.1,1075576,1,NULL
tt0120885,"Wag the Dog",1997,97,15000000,64256513,7.1,93470,NULL,NULL
tt0319061,"Big Fish",2003,125,70000000,123200000,7.9,478655,1,0
tt0384537,"Silent Hill",2006,125,50000000,100605135,6.5,263023,3,0
tt0274558,"The Hours",2002,114,25000000,108846217,7.5,147150,3,NULL
tt0382625,"The Da Vinci Code",2006,149,125000000,760006945,6.7,486134,1,0
tt0071360,"The Conversation",1974,113,1600000,4794457,7.7,137124,1,0
tt0069293,Solaris,1972,167,NULL,NULL,7.9,105379,1,0
tt0362227,"The Terminal",2004,128,60000000,219417255,7.4,535578,1,0
tt0056592,"To Kill a Mockingbird",1962,129,2000000,13129846,8.2,351846,3,0
tt0032551,"The Grapes of Wrath",1940,129,800000,1591000,8.1,108372,3,0
tt0120338,Titanic,1997,194,200000000,2264162353,8,1392894,3,NULL
tt0317248,"City of God",2002,130,3300000,30641770,8.6,871220,1,0
tt0043014,"Sunset Boulevard",1950,110,1752000,5000000,8.4,261308,3,0
tt0093058,"Full Metal Jacket",1987,116,30000000,46357676,8.2,851472,0,0
tt0083866,"E.T. the Extra-Terrestrial",1982,115,10500000,797307407,7.9,472118,3,1
tt0116629,"Independence Day",1996,145,75000000,817400891,7,647121,3,0
tt0133093,"The Matrix",1999,136,63000000,463517383,8.7,2248330,3,0
tt0234215,"The Matrix Reloaded",2003,138,150000000,738599701,7.2,670571,2,0
tt0242653,"The Matrix Revolutions",2003,129,150000000,424988211,6.7,575329,3,0
tt0089755,"Out of Africa",1985,161,31000000,227514205,7.2,93112,3,0
tt0119654,"Men in Black",1997,98,90000000,589390539,7.3,664335,1,NULL
tt0120912,"Men in Black II",2002,88,140000000,445135288,6.2,431820,1,NULL
tt0084516,Poltergeist,1982,114,10700000,121733131,7.3,194974,3,0
tt0408306,Munich,2005,164,70000000,130982129,7.5,253579,1,0
tt0363163,Downfall,2004,156,16000000,92181574,8.2,400604,3,1
tt0050986,"Wild Strawberries",1957,92,NULL,NULL,8.1,124700,2,0
tt0335345,"The Passion of the Christ",2004,127,30000000,610063468,7.3,274497,3,0
tt0325710,"The Last Samurai",2003,154,140000000,456800000,7.8,505196,0,0
tt0120890,"Wild Things",1998,108,20000000,67200000,6.6,141741,3,0
tt0004972,"The Birth of a Nation",1915,195,100000,11000000,6.1,28312,2,0
tt0103855,"The Bodyguard",1992,129,25000000,411006740,6.4,159677,2,0
tt0087332,Ghostbusters,1984,105,30000000,296640120,7.8,487607,2,NULL
tt0077631,Grease,1978,110,6000000,396271103,7.2,326262,3,0
tt0142688,"The Ninth Gate",1999,133,38000000,58401898,6.7,210260,1,0
tt0095159,"A Fish Called Wanda",1988,108,7500000,188593712,7.5,165654,3,0
tt0064276,"Easy Rider",1969,95,400000,60000000,7.2,123720,1,0
tt0087553,"The Killing Fields",1984,141,14400000,34700291,7.8,63726,NULL,NULL
tt0117951,Trainspotting,1996,93,4000000,71981823,8.1,769340,2,NULL
tt0110148,"Interview with the Vampire: The Vampire Chronicles",1994,123,60000000,223664608,7.5,376896,1,NULL
tt0114814,"The Usual Suspects",1995,106,6000000,23300000,8.5,1239659,1,0
tt0032138,"The Wizard of Oz",1939,102,2777000,33754967,8.1,467801,3,NULL
tt0018455,Sunrise,1927,94,NULL,1636000,8.1,56766,2,0
tt0046359,"Stalag 17",1953,120,1661530,10000000,7.9,61530,0,0
tt0076734,"Soldier of Orange",1977,165,NULL,NULL,7.6,14831,1,0
tt0243155,"Bridget Jones's Diary",2001,97,25000000,281929795,6.8,286949,3,0
tt0092563,"Angel Heart",1987,113,17000000,17185954,7.2,104152,1,0
tt0066434,"THX 1138",1971,86,777000,2437000,6.6,57623,0,0
tt0118799,"Life Is Beautiful",1997,116,20000000,230098753,8.6,813188,0,0
tt0116922,"Lost Highway",1997,134,15000000,3836866,7.6,170534,1,0
tt0098635,"When Harry Met Sally...",1989,95,16000000,92823546,7.7,272985,3,NULL
tt0264464,"Catch Me If You Can",2002,141,52000000,352114312,8.1,1239211,2,0
tt0180093,"Requiem for a Dream",2000,102,4500000,7390108,8.3,973822,3,0
tt0064115,"Butch Cassidy and the Sundance Kid",1969,110,6000000,102308889,8,239526,1,0
tt0015648,"Battleship Potemkin",1925,66,NULL,45100,7.9,65181,0,0
tt0212720,"A.I. Artificial Intelligence",2001,146,100000000,235926552,7.2,339280,1,0
tt0055928,"Dr. No",1962,110,1000000,59000000,7.2,195707,1,0
tt0385700,"Final Fantasy VII: Advent Children",2005,101,NULL,NULL,7.1,59726,3,0
